"","Vignette.Content","M","SD"
"1","Sexual",2.29024390243902,1.41461198910884
"2","Non-Sexual",2.35609756097561,1.41249208068192
